Overall #,Round #,Team,Transactions,,,,Player Drafted
Round 1,,,,,,,
1,1-Jan,,,,,,Cam Ward
,,Titans,,,,,
2,2-Jan,,,,,,Travis Hunter
,,Browns,Jaguars,,,,
,,,,,,,
,,,Traded ? 2025 first round pick (#5-Mason Graham) ? 2025 second round pick (#36-Quinshon Judkins) ? 2025 fourth round pick (#126-Dylan Sampson) ? 2026 first round pickÿ(?-?)ÿto Browns for ? 2025 first round pick (#2-Travis Hunter) ? 2025 fourth round pick (#104-Bhayshul Tuten) ? 2025 sixth round pick (#200-Rayuan Lane III) on 2025-04-24,,,,
3,3-Jan,,,,,,Abdul Carter
,,Giants,,,,,
4,4-Jan,,,,,,Will Campbell
,,Patriots,,,,,
5,5-Jan,,,,,,Mason Graham
,,Jaguars,Browns,,,,
,,,,,,,
,,,Traded ? 2025 first round pick (#2-Travis Hunter) ? 2025 fourth round pick (#104-Bhayshul Tuten) ? 2025 sixth round pick (#200-Rayuan Lane III) to Jaguars for ? 2025 first round pick (#5-Mason Graham) ? 2025 second round pick (#36-Quinshon Judkins) ? 2025 fourth round pick (#126-Dylan Sampson) ? 2026 first round pickÿ(?-?)ÿon 2025-04-24,,,,
6,6-Jan,,,,,,Ashton Jeanty
,,Raiders,,,,,
7,7-Jan,,,,,,Armand Membou
,,Jets,,,,,
8,8-Jan,,,,,,Tetairoa McMillan
,,Panthers,,,,,
9,9-Jan,,,,,,Kelvin Banks Jr.
,,Saints,,,,,
10,10-Jan,,,,,,Colston Loveland
,,Bears,,,,,
11,11-Jan,,,,,,Mykel Williams
,,49ers,,,,,
12,12-Jan,,,,,,Tyler Booker
,,Cowboys,,,,,
13,13-Jan,,,,,,Kenneth Grant
,,Dolphins,,,,,
14,14-Jan,,,,,,Tyler Warren
,,Colts,,,,,
15,15-Jan,,,,,,Jalon Walker
,,Falcons,,,,,
16,16-Jan,,,,,,Walter Nolen
,,Cardinals,,,,,
17,17-Jan,,,,,,Shemar Stewart
,,Bengals,,,,,
18,18-Jan,,,,,,Grey Zabel
,,Seahawks,,,,,
19,19-Jan,,,,,,Emeka Egbuka
,,Buccaneers,,,,,
20,20-Jan,,,,,,Jahdae Barron
,,Broncos,,,,,
21,21-Jan,,,,,,Derrick Harmon
,,Steelers,,,,,
22,22-Jan,,,,,,Omarion Hampton
,,Chargers,,,,,
23,23-Jan,,,,,,Matthew Golden
,,Packers,,,,,
24,24-Jan,,,,,,Donovan Jackson
,,Vikings,,,,,
25,25-Jan,,,,,,Jaxson Dart
,,Texans,Giants,,,,
,,,,,,,
,,,Traded ? 2025 second round pick (#34-Jayden Higgins) ? 2025 third round pick (#99-Charles Grant) ? 2026 third round pickÿ(?-?)ÿto Texans for ? 2025 first round pick (#25-Jaxson Dart) on 2025-04-24,,,,
26,26-Jan,,,,,,James Pearce Jr.
,,Rams,Falcons,,,,
,,,,,,,
,,,Traded ? 2025 second round pick (#46-Terrance Ferguson) ? 2025 seventh round pick (#242-Konata Mumpfield) ? 2026 first round pickÿ(?-?)ÿto Rams for ? 2025 first round pick (#26-James Pearce Jr.) ? 2025 third round pick (#101-Sai'vion Jones) on 2025-04-24,,,,
27,27-Jan,,,,,,Malaki Starks
,,Ravens,,,,,
28,28-Jan,,,,,,Tyleik Williams
,,Lions,,,,,
29,29-Jan,,,,,,Josh Conerly Jr.
,,Commanders,,,,,
30,30-Jan,,,,,,Maxwell Hairston
,,Bills,,,,,
31,31-Jan,,,,,,Jihaad Campbell
,,Chiefs,Eagles,,,,
,,,,,,,
,,,Traded ? 2025 first round pick (#32-Josh Simmons) ? 2025 fifth round pick (#164-Yahya Black) to Chiefs for ? 2025 first round pick (#31-Jihaad Campbell) on 2025-04-24,,,,
32,Jan-32,,,,,,Josh Simmons
,,Eagles,Chiefs,,,,
,,,,,,,
,,,Traded ? 2025 first round pick (#31-Jihaad Campbell) to Eagles for ? 2025 first round pick (#32-Josh Simmons) ? 2025 fifth round pick (#164-Yahya Black) on 2025-04-24,,,,
Round 2,,,,,,,
33,1-Feb,,,,,,Carson Schwesinger
,,Browns,,,,,
34,2-Feb,,,,,,Jayden Higgins
,,Giants,Texans,,,,
,,,,,,,
,,,Traded ? 2025 first round pick (#25-Jaxson Dart) to Giants for ? 2025 second round pick (#34-Jayden Higgins) ? 2025 third round pick (#99-Charles Grant) ? 2026 third round pickÿ(?-?)ÿon 2025-04-24,,,,
35,3-Feb,,,,,,Nick Emmanwori
,,Titans,Seahawks,,,,
,,,,,,,
,,,Traded ? 2025 second round pick (Steelers pick) (#52-Oluwafemi Oladejo) ? 2025 third round pick (#82-Kevin Winston Jr.) to Titans for ? 2025 second round pick (#35-Nick Emmanwori) on 2025-04-25,,,,
36,4-Feb,,,,,,Quinshon Judkins
,,Jaguars,Browns,,,,
,,,,,,,
,,,Traded ? 2025 first round pick (#2-Travis Hunter) ? 2025 fourth round pick (#104-Bhayshul Tuten) ? 2025 sixth round pick (#200-Rayuan Lane III) to Jaguars for ? 2025 first round pick (#5-Mason Graham) ? 2025 second round pick (#36-Quinshon Judkins) ? 2025 fourth round pick (#126-Dylan Sampson) ? 2026 first round pickÿ(?-?)ÿon 2025-04-24,,,,
37,5-Feb,,,,,,Jonah Savaiinaea
,,Raiders,Dolphins,,,,
,,,,,,,
,,,Traded ? 2025 second round pick (#48-Aireontae Ersery) ? 2025 third round pick (#98-Caleb Rogers) ? 2025 fourth round pick (#135-Tonka Hemingway) to Raiders for ? 2025 second round pick (#37-Jonah Savaiinaea) ? 2025 fifth round pick (#143-Jordan Phillips) on 2025-04-25,,,,
38,6-Feb,,,,,,TreVeyon Henderson
,,Patriots,,,,,
39,7-Feb,,,,,,Luther Burden III
,,Panthers,Bears,,,,
,,,,,,,
,,,Traded ? 2023 first round pick (#1-Bryce Young) to Panthers for ? D.J. Moore (Jr.) ? 2023 first round pick (#9-Jalen Carter) ? 2023 second round pick (#61-Brenton Strange) ? 2024 first round pick (#1-Caleb Williams) ? 2025 second round pick (#39-Luther Burden III) on 2023-03-15,,,,
40,8-Feb,,,,,,Tyler Shough
,,Saints,,,,,
41,9-Feb,,,,,,T.J. Sanders
,,Bears,Bills,,,,
,,,,,,,
,,,Traded ? 2025 second round pick (Vikings pick) (#56-Ozzy Trapilo) ? 2025 second round pick (#62-Shemar Turner) ? 2025 fourth round pick (#109-Deone Walker) to Bears for ? 2025 second round pick (#41-T.J. Sanders) ? 2025 third round pick (#72-Landon Jackson) ? 2025 seventh round pick (#240-Kaden Prather) on 2025-04-25,,,,
42,10-Feb,,,,,,Mason Taylor
,,Jets,,,,,
43,11-Feb,,,,,,Alfred Collins
,,49ers,,,,,
44,12-Feb,,,,,,Donovan Ezeiruaku
,,Cowboys,,,,,
45,13-Feb,,,,,,J.T. Tuimoloau
,,Colts,,,,,
46,14-Feb,,,,,,Terrance Ferguson
,,Falcons,Rams,,,,
,,,,,,,
,,,Traded ? 2025 first round pick (#26-James Pearce Jr.) ? 2025 third round pick (#101-Sai'vion Jones) to Falcons for ? 2025 second round pick (#46-Terrance Ferguson) ? 2025 seventh round pick (#242-Konata Mumpfield) ? 2026 first round pickÿ(?-?)ÿon 2025-04-24,,,,
47,15-Feb,,,,,,Will Johnson
,,Cardinals,,,,,
48,16-Feb,,,,,,Aireontae Ersery
,,Dolphins,Raiders,Texans,,,
,,,,,,,
,,,Traded ? 2025 second round pick (#37-Jonah Savaiinaea) ? 2025 fifth round pick (#143-Jordan Phillips) to Dolphins for ? 2025 second round pick (#48-Aireontae Ersery) ? 2025 third round pick (#98-Caleb Rogers) ? 2025 fourth round pick (#135-Tonka Hemingway) on 2025-04-25,Traded ? 2025 second round pick (#58-Jack Bech) ? 2025 third round pick (#99-Charles Grant) to Raiders for ? 2025 second round pick (#48-Aireontae Ersery) on 2025-04-25,,,
49,17-Feb,,,,,,Demetrius Knight Jr.
,,Bengals,,,,,
50,18-Feb,,,,,,Elijah Arroyo
,,Seahawks,,,,,
51,19-Feb,,,,,,Nic Scourton
,,Broncos,Panthers,,,,
,,,,,,,
,,,Traded ? 2025 second round pick (#57-Tate Ratledge) ? 2025 third round pick (#74-Pat Bryant) ? 2025 fourth round pick (#111-Ty Robinson) ? 2025 seventh round pick (#230-Dan Jackson) to Broncos for ? 2025 second round pick (#51-Nic Scourton) ? 2025 third round pick (#85-Nohl Williams) ? 2025 fourth round pick (#122-Lathan Ransom) ? 2025 sixth round pick (#208-Jimmy Horn Jr.) on 2025-04-25,,,,
52,20-Feb,,,,,,Oluwafemi Oladejo
,,Steelers,Seahawks,Titans,,,
,,,,,,,
,,,Traded ? D.K. Metcalf ? 2025 sixth round pick (Bears pick) (#185-Will Howard) to Steelers for ? 2025 second round pick (#52-Oluwafemi Oladejo) ? 2025 seventh round pick (Saints pick) (#223-Damien Martinez) on 2025-03-13,Traded ? 2025 second round pick (#35-Nick Emmanwori) to Seahawks for ? 2025 second round pick (Steelers pick) (#52-Oluwafemi Oladejo) ? 2025 third round pick (#82-Kevin Winston Jr.) on 2025-04-25,,,
53,21-Feb,,,,,,Benjamin Morrison
,,Buccaneers,,,,,
54,22-Feb,,,,,,Anthony Belton
,,Packers,,,,,
55,23-Feb,,,,,,Tre Harris
,,Chargers,,,,,
56,24-Feb,,,,,,Ozzy Trapilo
,,Vikings,Texans,Bills,Bears,,
,,,,,,,
,,,Traded ? 2024 first round pick (#23-Brian Thomas Jr.) ? 2024 seventh round pick (#232-Levi Drake Rodriguez) to Vikings for ? 2024 second round pick (#42-Kamari Lassiter) ? 2024 sixth round pick (#188-Jamal Hill) ? 2025 second round pick (#56-Ozzy Trapilo) on 2024-03-15,Traded ? Stefon Diggs ? 2024 fifth round pick (#189-Mekhi Wingo) ? 2025 fifth round pick (#166-Tory Horton) to Texans for ? 2025 second round pick (Vikings pick) (#56-Ozzy Trapilo) on 2024-04-03,Traded ? 2025 second round pick (#41-T.J. Sanders) ? 2025 third round pick (#72-Landon Jackson) ? 2025 seventh round pick (#240-Kaden Prather) to Bills for ? 2025 second round pick (Vikings pick) (#56-Ozzy Trapilo) ? 2025 second round pick (#62-Shemar Turner) ? 2025 fourth round pick (#109-Deone Walker) on 2025-04-25,,
57,25-Feb,,,,,,Tate Ratledge
,,Rams,Panthers,Broncos,Lions,,
,,,,,,,
,,,Traded ? 2024 second round pick (#39-Braden Fiske) to Rams for ? 2024 second round pick (#52-Adonai Mitchell) ? 2024 fifth round pick (#155-Jeremiah Trotter Jr.) ? 2025 second round pick (#57-Tate Ratledge) on 2024-04-26,Traded ? 2025 second round pick (#51-Nic Scourton) ? 2025 third round pick (#85-Nohl Williams) ? 2025 fourth round pick (#122-Lathan Ransom) ? 2025 sixth round pick (#208-Jimmy Horn Jr.) to Panthers for ? 2025 second round pick (#57-Tate Ratledge) ? 2025 third round pick (#74-Pat Bryant) ? 2025 fourth round pick (#111-Ty Robinson) ? 2025 seventh round pick (#230-Dan Jackson) on 2025-04-25,Traded ? 2025 second round pick (#60-R.J. Harvey) ? 2025 fourth round pick (#130-Malachi Moore) to Broncos for ? 2025 second round pick (Rams pick) (#57-Tate Ratledge) ? 2025 seventh round pick (#230-Dan Jackson) on 2025-04-25,,
58,26-Feb,,,,,,Jack Bech
,,Texans,Raiders,,,,
,,,,,,,
,,,Traded ? 2025 second round pick (#48-Aireontae Ersery) to Texans for ? 2025 second round pick (#58-Jack Bech) ? 2025 third round pick (#99-Charles Grant) on 2025-04-25,,,,
59,27-Feb,,,,,,Mike Green
,,Ravens,,,,,
60,28-Feb,,,,,,R.J. Harvey
,,Lions,Broncos,,,,
,,,,,,,
,,,Traded ? 2025 second round pick (Rams pick) (#57-Tate Ratledge) ? 2025 seventh round pick (#230-Dan Jackson) to Lions for ? 2025 second round pick (#60-R.J. Harvey) ? 2025 fourth round pick (#130-Malachi Moore) on 2025-04-25,,,,
61,Feb-29,,,,,,Trey Amos
,,Commanders,,,,,
62,Feb-30,,,,,,Shemar Turner
,,Bills,Bears,,,,
,,,,,,,
,,,Traded ? 2025 second round pick (#41-T.J. Sanders) ? 2025 third round pick (#72-Landon Jackson) ? 2025 seventh round pick (#240-Kaden Prather) to Bills for ? 2025 second round pick (Vikings pick) (#56-Ozzy Trapilo) ? 2025 second round pick (#62-Shemar Turner) ? 2025 fourth round pick (#109-Deone Walker) on 2025-04-25,,,,
63,Feb-31,,,,,,Omarr Norman-Lott
,,Chiefs,,,,,
64,Feb-32,,,,,,Andrew Mukuba
,,Eagles,,,,,
Round 3,,,,,,,
65,1-Mar,,,,,,Darius Alexander
,,Giants,,,,,
66,2-Mar,,,,,,Ashton Gillotte
,,Titans,Chiefs,,,,
,,,,,,,
,,,Traded ? L'Jarius Sneed ? 2024 seventh round pick (#252-Jaylen Harrell) to Titans for ? 2024 seventh round pick (#221-Travis Clayton) ? 2025 third round pick (#66-Ashton Gillotte) on 2024-04-01,,,,
67,3-Mar,,,,,,Harold Fannin Jr.
,,Browns,,,,,
68,4-Mar,,,,,,Darien Porter
,,Raiders,,,,,
69,5-Mar,,,,,,Kyle Williams
,,Patriots,,,,,
70,6-Mar,,,,,,Isaac TeSlaa
,,Jaguars,Lions,,,,
,,,,,,,
,,,Traded ? 2025 third round pick (#102-Tai Felton) ? 2026 third round pickÿ(?-?)ÿ? 2026 third round pickÿ(?-?)ÿto Jaguars for ? 2025 third round pick (#70-Isaac TeSlaa) ? 2025 sixth round pick (#182-Andres Borregales) ? 2026 sixth round pickÿ(?-?)ÿon 2025-04-25,,,,
71,7-Mar,,,,,,Vernon Broughton
,,Saints,,,,,
72,8-Mar,,,,,,Landon Jackson
,,Bears,Bills,,,,
,,,,,,,
,,,Traded ? 2025 second round pick (Vikings pick) (#56-Ozzy Trapilo) ? 2025 second round pick (#62-Shemar Turner) ? 2025 fourth round pick (#109-Deone Walker) to Bears for ? 2025 second round pick (#41-T.J. Sanders) ? 2025 third round pick (#72-Landon Jackson) ? 2025 seventh round pick (#240-Kaden Prather) on 2025-04-25,,,,
73,9-Mar,,,,,,Azareye'h Thomas
,,Jets,,,,,
74,10-Mar,,,,,,Pat Bryant
,,Panthers,Broncos,,,,
,,,,,,,
,,,Traded ? 2025 second round pick (#51-Nic Scourton) ? 2025 third round pick (#85-Nohl Williams) ? 2025 fourth round pick (#122-Lathan Ransom) ? 2025 sixth round pick (#208-Jimmy Horn Jr.) to Panthers for ? 2025 second round pick (#57-Tate Ratledge) ? 2025 third round pick (#74-Pat Bryant) ? 2025 fourth round pick (#111-Ty Robinson) ? 2025 seventh round pick (#230-Dan Jackson) on 2025-04-25,,,,
75,11-Mar,,,,,,Nick Martin
,,49ers,,,,,
76,12-Mar,,,,,,Shavon Revel Jr.
,,Cowboys,,,,,
77,13-Mar,,,,,,Princely Umanmielen
,,Falcons,Patriots,Panthers,,,
,,,,,,,
,,,Traded ? Matt Judon to Falcons for ? 2025 third round pick (#77-Princely Umanmielen) on 2024-08-15,Traded ? 2025 third round pick (#85-Nohl Williams) ? 2025 fifth round pick (#146-Bradyn Swinson) to Patriots for ? 2025 third round pick (#77-Princely Umanmielen) on 2025-04-25,,,
78,14-Mar,,,,,,Jordan Burch
,,Cardinals,,,,,
79,15-Mar,,,,,,Jaylin Noel
,,Dolphins,Eagles,Commanders,Texans,,
,,,,,,,
,,,Traded ? 2024 fourth round pick (#120-Jaylen Wright) to Dolphins for ? 2025 third round pick (#79-Jaylin Noel) on 2024-04-27,"Traded ? Jahan Dotson ? 2025 fifth round pick (#165-Oronde Gadsden II) to Eagles for ? 2025 third round pick (more favorable of Dolphins, Eagles picks) (#79-Jaylin Noel) ? 2025 seventh round pick (two least favorable of Broncos, Eagles, Falcons Saints picks) (#236-LeQuint Allen) ? 2025 seventh round pick (two least favorable of Broncos, Eagles, Falcons Saints picks) (#248-Moliki Matavao) on 2024-08-22",Traded ? Laremy Tunsil ? 2025 fourth round pick (#128-Jaylin Lane) to Commanders for ? 2025 third round pick (Dolphins pick) (#79-Jaylin Noel) ? 2025 seventh round pick (Broncos pick) (#236-LeQuint Allen) ? 2026 second round pickÿ(?-?)ÿ? 2026 fourth round pickÿ(?-?)ÿon 2025-03-15,,
80,16-Mar,,,,,,Justin Walley
,,Colts,,,,,
81,17-Mar,,,,,,Dylan Fairchild
,,Bengals,,,,,
82,18-Mar,,,,,,Kevin Winston Jr.
,,Seahawks,Titans,,,,
,,,,,,,
,,,Traded ? 2025 second round pick (#35-Nick Emmanwori) to Seahawks for ? 2025 second round pick (Steelers pick) (#52-Oluwafemi Oladejo) ? 2025 third round pick (#82-Kevin Winston Jr.) on 2025-04-25,,,,
83,19-Mar,,,,,,Kaleb Johnson
,,Steelers,,,,,
84,20-Mar,,,,,,Jacob Parrish
,,Buccaneers,,,,,
85,21-Mar,,,,,,Nohl Williams
,,Broncos,Panthers,Patriots,Chiefs,,
,,,,,,,
,,,Traded ? 2025 second round pick (#57-Tate Ratledge) ? 2025 third round pick (#74-Pat Bryant) ? 2025 fourth round pick (#111-Ty Robinson) ? 2025 seventh round pick (#230-Dan Jackson) to Broncos for ? 2025 second round pick (#51-Nic Scourton) ? 2025 third round pick (#85-Nohl Williams) ? 2025 fourth round pick (#122-Lathan Ransom) ? 2025 sixth round pick (#208-Jimmy Horn Jr.) on 2025-04-25,Traded ? 2025 third round pick (#77-Princely Umanmielen) to Panthers for ? 2025 third round pick (#85-Nohl Williams) ? 2025 fifth round pick (#146-Bradyn Swinson) on 2025-04-25,Traded ? 2025 third round pick (#95-Jared Wilson) ? 2026 fourth round pick (Bears pick)ÿ(?-?)ÿto Patriots for ? 2025 third round pick (#85-Nohl Williams) on 2025-04-25,,
86,22-Mar,,,,,,Jamaree Caldwell
,,Chargers,,,,,
87,23-Mar,,,,,,Savion Williams
,,Packers,,,,,
88,24-Mar,,,,,,Caleb Ransaw
,,Vikings,Jaguars,,,,
,,,,,,,
,,,Traded ? 2024 first round pick (#17-Dallas Turner) to Vikings for ? 2024 first round pick (#23-Brian Thomas Jr.) ? 2024 fifth round pick (#167-Keilan Robinson) ? 2025 third round pick (#88-Caleb Ransaw) ? 2025 fourth round pick (#126-Dylan Sampson) on 2024-04-25,,,,
89,25-Mar,,,,,,Wyatt Milum
,,Texans,Jaguars,,,,
,,,,,,,
,,,Traded ? 2025 third round pick (#102-Tai Felton) ? 2025 fifth round pick (#142-Rylie Mills) to Texans for ? 2025 third round pick (#89-Wyatt Milum) ? 2025 seventh round pick (#236-LeQuint Allen) on 2025-04-25,,,,
90,26-Mar,,,,,,Josaiah Stewart
,,Rams,,,,,
91,27-Mar,,,,,,Emery Jones Jr.
,,Ravens,,,,,
92,28-Mar,,,,,,Jalen Milroe
,,Lions,Jets,Raiders,Seahawks,,
,,,,,,,
,,,Traded ? 2024 fourth round pick (#126-Giovanni Manu) to Lions for ? 2025 third round pick (#92-Jalen Milroe) on 2024-04-27,"Traded ? Davante Adams to Jets for ? 2025 conditional round pick (second round if Adams is first or second team All-Pro in 2024 or is on Jets active roster for AFC championship game or Super Bowl, else third round) (#92-Jalen Milroe) on 2024-10-15",Traded ? Geno Smith to Raiders for ? 2025 third round pick (Lions pick) (#92-Jalen Milroe) on 2025-03-13,,
93,29-Mar,,,,,,Jonas Sanker
,,Commanders,Saints,,,,
,,,,,,,
,,,Traded ? Marshon Lattimore ? 2025 fifth round pick (#147-Jordan James) to Commanders for ? 2025 third round pick (#93-Jonas Sanker) ? 2025 fourth round pick (#131-Quincy Riley) ? 2025 sixth round pick (Saints pick) (#184-Devin Neal) on 2024-11-05,,,,
94,30-Mar,,,,,,Dillon Gabriel
,,Bills,Browns,,,,
,,,,,,,
,,,Traded ? Amari Cooper ? 2025 sixth round pick (Lions pick) (#204-Ajani Cornelius) to Bills for ? 2025 third round pick (#94-Dillon Gabriel) ? 2026 seventh round pickÿ(?-?)ÿon 2024-10-15,,,,
95,31-Mar,,,,,,Jared Wilson
,,Chiefs,Patriots,,,,
,,,,,,,
,,,Traded ? 2025 third round pick (#85-Nohl Williams) to Chiefs for ? 2025 third round pick (#95-Jared Wilson) ? 2026 fourth round pickÿ(?-?)ÿon 2025-04-25,,,,
96,Mar-32,,,,,,Xavier Watts
,,Eagles,Falcons,,,,
,,,,,,,
,,,Traded ? 2025 third round pick (#101-Sai'vion Jones) ? 2026 fifth round pickÿ(?-?)ÿto Eagles for ? 2025 third round pick (#96-Xavier Watts) on 2025-04-25,,,,
97,Mar-33,,,,,,Jaylin Smith
,,NFL,Vikings,Texans,,,
,,,,,,,
,,,"Compensatory pick awarded by NFL for loss of free agents Kirk Cousins, Danielle Hunter, Marcus Davenport, Jordan Hicks, K.J. Osborn, D.J. Wonnum",Traded ? 2025 third round pick (#102-Tai Felton) ? 2025 fifth round pick (#142-Rylie Mills) to Vikings for ? 2025 third round pick (#97-Jaylin Smith) ? 2025 sixth round pick (#187-Jaylen Reed) on 2025-04-25,,,
98,Mar-34,,,,,,Caleb Rogers
,,NFL,Dolphins,Raiders,,,
,,,,,,,
,,,"Compensatory pick awarded by NFL for loss of free agents Raekwon Davis, DeShon Elliott, Robert Hunt, Brandon Jones, Andrew Van Ginkel, Christian Wilkins",Traded ? 2025 second round pick (#37-Jonah Savaiinaea) ? 2025 fifth round pick (#143-Jordan Phillips) to Dolphins for ? 2025 second round pick (#48-Aireontae Ersery) ? 2025 third round pick (#98-Caleb Rogers) ? 2025 fourth round pick (#135-Tonka Hemingway) on 2025-04-25,,,
99,Mar-35,,,,,,Charles Grant
,,NFL,Giants,Texans,Raiders,,
,,,,,,,
,,,"Compensatory pick awarded by NFL for loss of free agents Saquon Barkley, Ben Bredeson, Xavier McKinney, A'Shawn Robinson, Tyrod Taylor",Traded ? 2025 first round pick (#25-Jaxson Dart) to Giants for ? 2025 second round pick (#34-Jayden Higgins) ? 2025 third round pick (#99-Charles Grant) ? 2026 third round pickÿ(?-?)ÿon 2025-04-24,Traded ? 2025 second round pick (#48-Aireontae Ersery) to Texans for ? 2025 second round pick (#58-Jack Bech) ? 2025 third round pick (#99-Charles Grant) on 2025-04-25,,
100,Mar-36,,,,,,Upton Stout
,,NFL,49ers,,,,
,,,,,,,
,,,Awarded ? 2025 third round pick (#100-Upton Stout) by NFL as compensation for Texans hiring former 49ers defensive coordinator DeMeco Ryans as head coach,,,,
101,Mar-37,,,,,,Sai'vion Jones
,,NFL,Rams,Falcons,Eagles,Broncos,
,,,,,,,
,,,Awarded ? 2024 third round pick (#99-Kamren Kinchens) ? 2025 third round pick (#101-Sai'vion Jones) by NFL as compensation for Falcons hiring former Rams defensive coordinator Raheem Morris as their head coach,Traded ? 2025 second round pick (#46-Terrance Ferguson) ? 2025 seventh round pick (#242-Konata Mumpfield) ? 2026 first round pickÿ(?-?)ÿto Rams for ? 2025 first round pick (#26-James Pearce Jr.) ? 2025 third round pick (#101-Sai'vion Jones) on 2025-04-24,Traded ? 2025 third round pick (#96-Xavier Watts) to Falcons for ? 2025 third round pick (#101-Sai'vion Jones) ? 2026 fifth round pickÿ(?-?)ÿon 2025-04-25,Traded ? 2025 fourth round pick (#111-Ty Robinson) ? 2025 fourth round pick (#130-Malachi Moore) ? 2025 sixth round pick (#191-Myles Hinton) to Eagles for ? 2025 third round pick (Rams pick) (#101-Sai'vion Jones) ? 2025 fourth round pick (#134-Que Robinson) on 2025-04-25,
102,Mar-38,,,,,,Tai Felton
,,NFL,Lions,Jaguars,Texans,Vikings,
,,,,,,,
,,,Awarded ? 2025 third round pick (#102-Tai Felton) ? 2026 third round pickÿ(?-?)ÿby NFL on 2025-03-11 as compensation for Jets hiring former Lions defensive coordinator Aaron Glenn as head coach,Traded ? 2025 third round pick (#70-Isaac TeSlaa) ? 2025 sixth round pick (#182-Andres Borregales) ? 2026 sixth round pickÿ(?-?)ÿto Lions for ? 2025 third round pick (#102-Tai Felton) ? 2026 third round pickÿ(?-?)ÿ? 2026 third round pickÿ(?-?)ÿon 2025-04-25,Traded ? 2025 third round pick (#89-Wyatt Milum) ? 2025 seventh round pick (#236-LeQuint Allen) to Jaguars for ? 2025 third round pick (#102-Tai Felton) ? 2025 fifth round pick (#142-Rylie Mills) on 2025-04-25,Traded ? 2025 third round pick (#97-Jaylin Smith) ? 2025 sixth round pick (#187-Jaylen Reed) to Texans for ? 2025 third round pick (#102-Tai Felton) ? 2025 fifth round pick (#142-Rylie Mills) on 2025-04-25,
Round 4,,,,,,,
103,1-Apr,,,,,,Chimere Dike
,,Titans,,,,,
104,2-Apr,,,,,,Bhayshul Tuten
,,Browns,Jaguars,,,,
,,,,,,,
,,,Traded ? 2025 first round pick (#5-Mason Graham) ? 2025 second round pick (#36-Quinshon Judkins) ? 2025 fourth round pick (#126-Dylan Sampson) ? 2026 first round pickÿ(?-?)ÿto Browns for ? 2025 first round pick (#2-Travis Hunter) ? 2025 fourth round pick (#104-Bhayshul Tuten) ? 2025 sixth round pick (#200-Rayuan Lane III) on 2025-04-24,,,,
105,3-Apr,,,,,,Cam Skattebo
,,Giants,,,,,
106,4-Apr,,,,,,Craig Woodson
,,Patriots,,,,,
107,5-Apr,,,,,,Jack Kiser
,,Jaguars,,,,,
108,6-Apr,,,,,,Dont'e Thornton Jr.
,,Raiders,,,,,
109,7-Apr,,,,,,Deone Walker
,,Bears,Bills,Bears,Bills,,
,,,,,,,
,,,Traded ? 2024 fifth round pick (#144-Austin Booker) to Bears for ? 2025 fourth round pick (#109-Deone Walker) on 2024-04-27,Traded ? 2025 second round pick (#41-T.J. Sanders) ? 2025 third round pick (#72-Landon Jackson) ? 2025 seventh round pick (#240-Kaden Prather) to Bills for ? 2025 second round pick (Vikings pick) (#56-Ozzy Trapilo) ? 2025 second round pick (#62-Shemar Turner) ? 2025 fourth round pick (#109-Deone Walker) on 2025-04-25,Traded ? 2025 fourth round pick (#132-Ruben Hyppolite II) ? 2025 fifth round pick (#169-Zah Frazier) to Bears for ? 2025 fourth round pick (#109-Deone Walker) on 2025-04-26,,
110,8-Apr,,,,,,Arian Smith
,,Jets,,,,,
111,9-Apr,,,,,,Ty Robinson
,,Panthers,Broncos,Eagles,,,
,,,,,,,
,,,Traded ? 2025 second round pick (#51-Nic Scourton) ? 2025 third round pick (#85-Nohl Williams) ? 2025 fourth round pick (#122-Lathan Ransom) ? 2025 sixth round pick (#208-Jimmy Horn Jr.) to Panthers for ? 2025 second round pick (#57-Tate Ratledge) ? 2025 third round pick (#74-Pat Bryant) ? 2025 fourth round pick (#111-Ty Robinson) ? 2025 seventh round pick (#230-Dan Jackson) on 2025-04-25,Traded ? 2025 third round pick (Rams pick) (#101-Sai'vion Jones) ? 2025 fourth round pick (#134-Que Robinson) to Broncos for ? 2025 fourth round pick (#111-Ty Robinson) ? 2025 fourth round pick (#130-Malachi Moore) ? 2025 sixth round pick (#191-Myles Hinton) on 2025-04-25,,,
112,10-Apr,,,,,,Danny Stutsman
,,Saints,,,,,
113,11-Apr,,,,,,C.J. West
,,49ers,,,,,
114,12-Apr,,,,,,Trevor Etienne
,,Cowboys,Panthers,,,,
,,,,,,,
,,,Traded ? Jonathan Mingo ? 2025 seventh round pick (Chiefs pick) (#247-Tommy Akingbesote ) to Cowboys for ? 2025 fourth round pick (#114-Trevor Etienne) on 2024-11-05,,,,
115,13-Apr,,,,,,Cody Simon
,,Cardinals,,,,,
116,14-Apr,,,,,,Woody Marks
,,Dolphins,Texans,,,,
,,,,,,,
,,,Traded ? 2024 sixth round pick (#179-Ollie Gordon II) ? 2026 third round pickÿ(?-?)ÿto Dolphins for ? 2025 fourth round pick (#116-Woody Marks) ? 2025 seventh round pick (#224-Kyonte Hamilton) on 2025-04-26,,,,
117,15-Apr,,,,,,Jarquez Hunter
,,Colts,Rams,,,,
,,,,,,,
,,,Traded ? 2025 fourth round pick (#127-Jalen Travis) ? 2025 sixth round pick (#190-Tim Smith) to Colts for ? 2025 fourth round pick (#117-Jarquez Hunter) on 2025-04-26,,,,
118,16-Apr,,,,,,Billy Bowman Jr.
,,Falcons,,,,,
119,17-Apr,,,,,,Barrett Carter
,,Bengals,,,,,
120,18-Apr,,,,,,Gunnar Helm
,,Seahawks,Titans,,,,
,,,,,,,
,,,Traded ? Ernest Jones to Seahawks for ? Jerome Baker ? 2025 fourth round pick (#120-Gunnar Helm) on 2024-10-24,,,,
121,19-Apr,,,,,,David Walker
,,Buccaneers,,,,,
122,20-Apr,,,,,,Lathan Ransom
,,Broncos,Panthers,,,,
,,,,,,,
,,,Traded ? 2025 second round pick (#57-Tate Ratledge) ? 2025 third round pick (#74-Pat Bryant) ? 2025 fourth round pick (#111-Ty Robinson) ? 2025 seventh round pick (#230-Dan Jackson) to Broncos for ? 2025 second round pick (#51-Nic Scourton) ? 2025 third round pick (#85-Nohl Williams) ? 2025 fourth round pick (#122-Lathan Ransom) ? 2025 sixth round pick (#208-Jimmy Horn Jr.) on 2025-04-25,,,,
123,21-Apr,,,,,,Jack Sawyer
,,Steelers,,,,,
124,22-Apr,,,,,,Barryn Sorrell
,,Packers,,,,,
125,23-Apr,,,,,,Kyle Kennard
,,Chargers,,,,,
126,24-Apr,,,,,,Dylan Sampson
,,Vikings,Jaguars,Browns,,,
,,,,,,,
,,,Traded ? 2024 first round pick (#17-Dallas Turner) to Vikings for ? 2024 first round pick (#23-Brian Thomas Jr.) ? 2024 fifth round pick (#167-Keilan Robinson) ? 2025 third round pick (#88-Caleb Ransaw) ? 2025 fourth round pick (#126-Dylan Sampson) on 2024-04-25,Traded ? 2025 first round pick (#2-Travis Hunter) ? 2025 fourth round pick (#104-Bhayshul Tuten) ? 2025 sixth round pick (#200-Rayuan Lane III) to Jaguars for ? 2025 first round pick (#5-Mason Graham) ? 2025 second round pick (#36-Quinshon Judkins) ? 2025 fourth round pick (#126-Dylan Sampson) ? 2026 first round pickÿ(?-?)ÿon 2025-04-24,,,
127,25-Apr,,,,,,Jalen Travis
,,Rams,Colts,,,,
,,,,,,,
,,,Traded ? 2025 fourth round pick (#117-Jarquez Hunter) to Rams for ? 2025 fourth round pick (#127-Jalen Travis) ? 2025 sixth round pick (#190-Tim Smith) on 2025-04-26,,,,
128,26-Apr,,,,,,Jaylin Lane
,,Texans,Commanders,,,,
,,,,,,,
,,,Traded ? 2025 third round pick (Dolphins pick) (#79-Jaylin Noel) ? 2025 seventh round pick (Broncos pick) (#236-LeQuint Allen) ? 2026 second round pickÿ(?-?)ÿ? 2026 fourth round pickÿ(?-?)ÿto Texans for ? Laremy Tunsil ? 2025 fourth round pick (#128-Jaylin Lane) on 2025-03-15,,,,
129,27-Apr,,,,,,Teddye Buchanan
,,Ravens,,,,,
130,28-Apr,,,,,,Malachi Moore
,,Lions,Broncos,Eagles,Jets,,
,,,,,,,
,,,Traded ? 2025 second round pick (Rams pick) (#57-Tate Ratledge) ? 2025 seventh round pick (#230-Dan Jackson) to Lions for ? 2025 second round pick (#60-R.J. Harvey) ? 2025 fourth round pick (#130-Malachi Moore) on 2025-04-25,Traded ? 2025 third round pick (Rams pick) (#101-Sai'vion Jones) ? 2025 fourth round pick (#134-Que Robinson) to Broncos for ? 2025 fourth round pick (#111-Ty Robinson) ? 2025 fourth round pick (#130-Malachi Moore) ? 2025 sixth round pick (#191-Myles Hinton) on 2025-04-25,Traded ? 2025 fifth round pick (#145-Mac McWilliams) ? 2025 sixth round pick (#207-Cameron Williams) to Eagles for ? 2025 fourth round pick (#130-Malachi Moore) on 2025-04-26,,
131,29-Apr,,,,,,Quincy Riley
,,Commanders,Saints,,,,
,,,,,,,
,,,Traded ? Marshon Lattimore ? 2025 fifth round pick (#147-Jordan James) to Commanders for ? 2025 third round pick (#93-Jonas Sanker) ? 2025 fourth round pick (#131-Quincy Riley) ? 2025 sixth round pick (Saints pick) (#184-Devin Neal) on 2024-11-05,,,,
132,30-Apr,,,,,,Ruben Hyppolite II
,,Bills,Bears,,,,
,,,,,,,
,,,Traded ? 2025 fourth round pick (#109-Deone Walker) to Bills for ? 2025 fourth round pick (#132-Ruben Hyppolite II) ? 2025 fifth round pick (#169-Zah Frazier) on 2025-04-26,,,,
133,Apr-31,,,,,,Jalen Royals
,,Chiefs,,,,,
134,Apr-32,,,,,,Que Robinson
,,Eagles,Lions,Eagles,Broncos,,
,,,,,,,
,,,Traded ? D'Andre Swift ? 2023 seventh round pick (#249-Moro Ojomo) to Eagles for ? 2023 seventh round pick (#219-Antoine Green) ? 2025 fourth round pick (#134-Que Robinson) on 2023-04-29,Traded ? 2024 fourth round pick (#132-Sione Vaki) ? 2024 sixth round pick (#210-Christian Mahogany) to Lions for ? 2024 fifth round pick (#164-Jaylin Simpson) ? 2024 sixth round pick (#201-Micah Abraham) ? 2025 fourth round pick (Eagles pick) (#134-Que Robinson) on 2024-04-27,Traded ? 2025 fourth round pick (#111-Ty Robinson) ? 2025 fourth round pick (#130-Malachi Moore) ? 2025 sixth round pick (#191-Myles Hinton) to Eagles for ? 2025 third round pick (Rams pick) (#101-Sai'vion Jones) ? 2025 fourth round pick (#134-Que Robinson) on 2025-04-25,,
135,Apr-33,,,,,,Tonka Hemingway
,,NFL,Dolphins,Raiders,,,
,,,,,,,
,,,"Compensatory pick awarded by NFL for loss of free agents Raekwon Davis, DeShon Elliott, Robert Hunt, Brandon Jones, Andrew Van Ginkel, Christian Wilkins",Traded ? 2025 second round pick (#37-Jonah Savaiinaea) ? 2025 fifth round pick (#143-Jordan Phillips) to Dolphins for ? 2025 second round pick (#48-Aireontae Ersery) ? 2025 third round pick (#98-Caleb Rogers) ? 2025 fourth round pick (#135-Tonka Hemingway) on 2025-04-25,,,
136,Apr-34,,,,,,Elic Ayomanor
,,NFL,Ravens,Titans,,,
,,,,,,,
,,,"Compensatory pick awarded by NFL for loss of free agents Jadeveon Clowney, Ronald Darby, Devin Duvernay, Gus Edwards, Patrick Queen, John Simpson, Geno Stone, Kevin Zeitler",Traded ? 2025 fifth round pick (#141-Carson Vinson) ? 2025 sixth round pick (#178-Bilhal Kone) to Ravens for ? 2025 fourth round pick (#136-Elic Ayomanor) ? 2025 sixth round pick (#183-Marcus Harris) on 2025-04-26,,,
137,Apr-35,,,,,,Joshua Farmer
,,NFL,Seahawks,Patriots,,,
,,,,,,,
,,,"Compensatory pick awarded by NFL for loss of free agents Jordyn Brooks, Evan Brown, Damien Lewis, Drew Lock, Colby Parkinson, Bobby Wagner",Traded ? 2025 fifth round pick (#144-Shedeur Sanders) ? 2025 seventh round pick (#238-Ricky White III) to Seahawks for ? 2025 fourth round pick (#137-Joshua Farmer) on 2025-04-26,,,
138,Apr-36,,,,,,Jordan Watkins
,,NFL,49ers,,,,
,,,,,,,
,,,"Compensatory pick awarded by NFL for loss of free agents Sam Darnold, Clelin Ferrell, Sebastian Joseph-Day, Javon Kinlaw, Ray-Ray McCloud, Charlie Woerner, Chase Young",,,,
Round 5,,,,,,,
139,1-May,,,,,,Tyrion Ingram-Dawkins
,,Browns,Vikings,,,,
,,,,,,,
,,,Traded ? Za'Darius Smith ? 2025 sixth round pick (#200-Rayuan Lane III) ? 2025 seventh round pick (#240-Kaden Prather) to Browns for ? 2024 fifth round pick (#157-Chau Smith-Wade) ? 2025 fifth round pick (#139-Tyrion Ingram-Dawkins) on 2023-05-16,,,,
140,2-May,,,,,,Cam Jackson
,,Giants,Panthers,,,,
,,,,,,,
,,,Traded ? Brian Burns ? 2024 fifth round pick (#166-Tyrone Tracy Jr.) to Giants for ? 2024 second round pick (#39-Braden Fiske) ? 2024 fifth round pick (#141-Sedrick Van Pran-Granger) ? 2025 fifth round pick (#140-Cam Jackson) on 2024-03-13,,,,
141,3-May,,,,,,Carson Vinson
,,Titans,Ravens,,,,
,,,,,,,
,,,Traded ? 2025 fourth round pick (#136-Elic Ayomanor) ? 2025 sixth round pick (#183-Marcus Harris) to Titans for ? 2025 fifth round pick (#141-Carson Vinson) ? 2025 sixth round pick (#178-Bilhal Kone) on 2025-04-26,,,,
142,4-May,,,,,,Rylie Mills
,,Jaguars,Texans,Vikings,Seahawks,,
,,,,,,,
,,,Traded ? 2025 third round pick (#89-Wyatt Milum) ? 2025 seventh round pick (#236-LeQuint Allen) to Jaguars for ? 2025 third round pick (#102-Tai Felton) ? 2025 fifth round pick (#142-Rylie Mills) on 2025-04-25,Traded ? 2025 third round pick (#97-Jaylin Smith) ? 2025 sixth round pick (#187-Jaylen Reed) to Texans for ? 2025 third round pick (#102-Tai Felton) ? 2025 fifth round pick (#142-Rylie Mills) on 2025-04-25,Traded ? Sam Howell ? 2025 fifth round pick (#172-Chris Paul Jr.) to Vikings for ? 2025 fifth round pick (#142-Rylie Mills) on 2025-04-26,,
143,5-May,,,,,,Jordan Phillips
,,Raiders,Dolphins,,,,
,,,,,,,
,,,Traded ? 2025 second round pick (#48-Aireontae Ersery) ? 2025 third round pick (#98-Caleb Rogers) ? 2025 fourth round pick (#135-Tonka Hemingway) to Raiders for ? 2025 second round pick (#37-Jonah Savaiinaea) ? 2025 fifth round pick (#143-Jordan Phillips) on 2025-04-25,,,,
144,6-May,,,,,,Shedeur Sanders
,,Patriots,Seahawks,Browns,,,
,,,,,,,
,,,Traded ? 2025 fourth round pick (#137-Joshua Farmer) to Patriots for ? 2025 fifth round pick (#144-Shedeur Sanders) ? 2025 seventh round pick (#238-Ricky White III) on 2025-04-26,Traded ? 2025 fifth round pick (#166-Tory Horton) ? 2025 sixth round pick (#192-Bryce Cabeldue) to Seahawks for ? 2025 fifth round pick (#144-Shedeur Sanders) on 2025-04-26,,,
145,7-May,,,,,,Mac McWilliams
,,Jets,Eagles,,,,
,,,,,,,
,,,Traded ? 2025 fourth round pick (#130-Malachi Moore) to Jets for ? 2025 fifth round pick (#145-Mac McWilliams) ? 2025 sixth round pick (#207-Cameron Williams) on 2025-04-26,,,,
146,8-May,,,,,,Bradyn Swinson
,,Panthers,Patriots,,,,
,,,,,,,
,,,Traded ? 2025 third round pick (#77-Princely Umanmielen) to Panthers for ? 2025 third round pick (#85-Nohl Williams) ? 2025 fifth round pick (#146-Bradyn Swinson) on 2025-04-25,,,,
147,9-May,,,,,,Jordan James
,,Saints,Commanders,49ers,,,
,,,,,,,
,,,Traded ? 2025 third round pick (#93-Jonas Sanker) ? 2025 fourth round pick (#131-Quincy Riley) ? 2025 sixth round pick (Saints pick) (#184-Devin Neal) to Saints for ? Marshon Lattimore ? 2025 fifth round pick (#147-Jordan James) on 2024-11-05,Traded ? Deebo Samuel to Commanders for ? 2025 fifth round pick (Saints pick) (#147-Jordan James) on 2025-03-12,,,
148,10-May,,,,,,Ty Hamilton
,,Bears,Rams,,,,
,,,,,,,
,,,Traded ? 2025 sixth round pick (#195-Luke Newman) ? 2026 fourth round pickÿ(?-?)ÿto Bears for ? 2025 fifth round pick (#148-Ty Hamilton) on 2025-04-26,,,,
,,,"49ers had 2024 fourth round pick moved down 4 spots behind compensatory picks, forfeited 2025 fifth round pick due due to an administrative payroll accounting error",,,,
,,49ers,,,,,
149,11-May,,,,,,Jaydon Blue
,,Cowboys,,,,,
150,12-May,,,,,,Jason Marshall Jr.
,,Dolphins,,,,,
151,13-May,,,,,,D.J. Giddens
,,Colts,,,,,
,,,Falcons forfeited 2025 fifth round pick and fined $250K for violating the league's anti-tampering policy in the signing of three free agents,,,,
,,Falcons,,,,,
152,14-May,,,,,,Shemar James
,,Cardinals,Cowboys,,,,
,,,,,,,
,,,Traded ? 2025 fifth round pick (#174-Denzel Burke) ? 2025 sixth round pick (#211-Hayden Conner) to Cardinals for ? 2025 fifth round pick (#152-Shemar James) on 2025-04-26,,,,
153,15-May,,,,,,Jalen Rivers
,,Bengals,,,,,
154,16-May,,,,,,Marcus Mbow
,,Seahawks,Giants,,,,
,,,,,,,
,,,Traded ? Leonard Williams (Austin) to Seahawks for ? 2024 second round pick (#47-Tyler Nubin) ? 2025 fifth round pick (#154-Marcus Mbow) on 2023-10-31,,,,
155,17-May,,,,,,Dante Trader Jr.
,,Broncos,Dolphins,,,,
,,,,,,,
,,,Traded ? Chase Edmonds ? 2023 first round pick (#29-Bryan Bresee) ? 2024 fourth round pick (#121-A.J. Barner) to Broncos for ? Bradley Chubb ? 2025 fifth round pick (#155-Dante Trader Jr.) on 2022-11-01,,,,
156,18-May,,,,,,Jeffrey Bassa
,,Steelers,Chiefs,,,,
,,,,,,,
,,,Traded ? 2025 fifth round pick (#164-Yahya Black) ? 2025 seventh round pick (#226-Carson Bruener) to Steelers for ? 2025 fifth round pick (#156-Jeffrey Bassa) on 2025-04-26,,,,
157,19-May,,,,,,Elijah Roberts
,,Buccaneers,,,,,
158,20-May,,,,,,KeAndre Lambert-Smith
,,Chargers,,,,,
159,21-May,,,,,,Collin Oliver
,,Packers,,,,,
160,22-May,,,,,,Marques Sigle
,,Vikings,49ers,,,,
,,,,,,,
,,,Traded ? Jordan Mason ? 2025 sixth round pick (#187-Jaylen Reed) to Vikings for ? 2025 fifth round pick (#160-Marques Sigle) ? 2026 sixth round pickÿ(?-?)ÿon 2025-03-18,,,,
161,23-May,,,,,,Smael Mondon Jr.
,,Texans,Eagles,,,,
,,,,,,,
,,,Traded ? 2024 fourth round pick (#123-Cade Stover) to Texans for ? 2024 fourth round pick (#127-Will Shipley) ? 2025 fifth round pick (#161-Smael Mondon Jr.) on 2024-04-27,,,,
162,24-May,,,,,,Francisco Mauigoa
,,Rams,Steelers,Jets,,,
,,,,,,,
,,,Traded ? Kevin Dotson ? 2024 fifth round pick (#155-Jeremiah Trotter Jr.) ? 2025 sixth round pick (#195-Luke Newman) to Rams for ? 2024 fourth round pick (#120-Jaylen Wright) ? 2025 fifth round pick (#162-Francisco Mauigoa) on 2023-08-28,Traded ? Mike Williams to Steelers for ? 2025 fifth round pick (Rams pick) (#162-Francisco Mauigoa) on 2024-11-05,,,
163,25-May,,,,,,Mitchell Evans
,,Ravens,Panthers,,,,
,,,,,,,
,,,Traded ? Diontae Johnson ? 2025 sixth round pick (#183-Marcus Harris) to Ravens for ? 2025 fifth round pick (#163-Mitchell Evans) on 2024-10-30,,,,
164,26-May,,,,,,Yahya Black
,,Lions,Browns,Eagles,Chiefs,Steelers,
,,,,,,,
,,,Traded ? Za'Darius Smith ? 2026 seventh round pickÿ(?-?)ÿto Lions for ? 2025 fifth round pick (#164-Yahya Black) ? 2026 sixth round pickÿ(?-?)ÿon 2024-11-05,Traded ? Kenny Pickett to Browns for ? Dorian Thompson-Robinson ? 2025 fifth round pick (Lions pick) (#164-Yahya Black) on 2025-03-12,Traded ? 2025 first round pick (#31-Jihaad Campbell) to Eagles for ? 2025 first round pick (#32-Josh Simmons) ? 2025 fifth round pick (#164-Yahya Black) on 2025-04-24,Traded ? 2025 fifth round pick (#156-Jeffrey Bassa) to Chiefs for ? 2025 fifth round pick (#164-Yahya Black) ? 2025 seventh round pick (#226-Carson Bruener) on 2025-04-26,
165,27-May,,,,,,Oronde Gadsden II
,,Commanders,Eagles,Chargers,,,
,,,,,,,
,,,"Traded ? 2025 third round pick (more favorable of Dolphins, Eagles picks) (#79-Jaylin Noel) ? 2025 seventh round pick (two least favorable of Broncos, Eagles, Falcons Saints picks) (#236-LeQuint Allen) ? 2025 seventh round pick (two least favorable of Broncos, Eagles, Falcons Saints picks) (#248-Moliki Matavao) to Commanders for ? Jahan Dotson ? 2025 fifth round pick (#165-Oronde Gadsden II) on 2024-08-22",Traded ? 2025 sixth round pick (#181-Kyle McCord) ? 2025 sixth round pick (#209-Antwaun Powell-Ryland) to Eagles for ? 2025 fifth round pick (#165-Oronde Gadsden II) on 2025-04-26,,,
166,28-May,,,,,,Tory Horton
,,Bills,Texans,Browns,Seahawks,,
,,,,,,,
,,,Traded ? 2025 second round pick (Vikings pick) (#56-Ozzy Trapilo) to Bills for ? Stefon Diggs ? 2024 fifth round pick (#189-Mekhi Wingo) ? 2025 fifth round pick (#166-Tory Horton) on 2024-04-03,Traded ? 2025 sixth round pick (#179-Ollie Gordon II) ? 2025 sixth round pick (#216-Jeremy Crawshaw) ? 2025 seventh round pick (#255-Luke Lachey) to Texans for ? 2025 fifth round pick (#166-Tory Horton) ? 2027 fifth round pickÿ(?-?)ÿon 2025-04-24,Traded ? 2025 fifth round pick (#144-Shedeur Sanders) to Browns for ? 2025 fifth round pick (#166-Tory Horton) ? 2025 sixth round pick (#192-Bryce Cabeldue) on 2025-04-26,,
167,29-May,,,,,,Jackson Slater
,,Chiefs,Titans,,,,
,,,,,,,
,,,"Traded ? DeAndre Hopkins to Chiefs for ? 2025 conditional round pick (fourth round if Chiefs advance to 2024 Super Bowl and Hopkins plays 60% of regular season offensive snaps, else fifth round) (#167-Jackson Slater) on 2024-10-24",,,,
168,30-May,,,,,,Drew Kendall
,,Eagles,,,,,
169,31-May,,,,,,Zah Frazier
,,NFL,Bills,Bears,,,
,,,,,,,
,,,"Compensatory pick awarded by NFL for loss of free agents Gabe Davis, Tyrel Dodson, Leonard Floyd, Dane Jackson, Tim Settle",Traded ? 2025 fourth round pick (#109-Deone Walker) to Bills for ? 2025 fourth round pick (#132-Ruben Hyppolite II) ? 2025 fifth round pick (#169-Zah Frazier) on 2025-04-26,,,
170,May-32,,,,,,Jordan Hancock
,,NFL,Cowboys,Bills,,,
,,,,,,,
,,,"Compensatory pick awarded by NFL for loss of free agents Dorance Armstrong, Tyler Biadasz, Dante Fowler, Tony Pollard, Tyron Smith",Traded ? Kaiir Elam ? 2025 sixth round pick (Lions pick) (#204-Ajani Cornelius) to Cowboys for ? 2025 fifth round pick (#170-Jordan Hancock) ? 2026 seventh round pickÿ(?-?)ÿon 2025-03-12,,,
171,May-33,,,,,,Miles Frazier
,,NFL,Cowboys,Patriots,Lions,,
,,,,,,,
,,,"Compensatory pick awarded by NFL for loss of free agents Dorance Armstrong, Tyler Biadasz, Dante Fowler, Tony Pollard, Tyron Smith",Traded ? Joe Milton III ? 2025 seventh round pick (Titans pick) (#217-Jay Toia) to Cowboys for ? 2025 fifth round pick (#171-Miles Frazier) on 2025-04-03,Traded ? 2025 sixth round pick (#182-Andres Borregales) ? 2025 seventh round pick (#228-Brashard Smith) to Patriots for ? 2025 fifth round pick (#171-Miles Frazier) on 2025-04-26,,
172,May-34,,,,,,Chris Paul Jr.
,,NFL,Seahawks,Vikings,Rams,,
,,,,,,,
,,,"Compensatory pick awarded by NFL for loss of free agents Jordyn Brooks, Evan Brown, Damien Lewis, Drew Lock, Colby Parkinson, Bobby Wagner",Traded ? 2025 fifth round pick (#142-Rylie Mills) to Seahawks for ? Sam Howell ? 2025 fifth round pick (#172-Chris Paul Jr.) on 2025-04-26,Traded ? 2025 sixth round pick (#201-Kobe King) ? 2025 sixth round pick (#202-Gavin Bartholomew) to Vikings for ? 2025 fifth round pick (#172-Chris Paul Jr.) on 2025-04-26,,
173,May-35,,,,,,Jackson Hawes
,,NFL,Bills,,,,
,,,,,,,
,,,"Compensatory pick awarded by NFL for loss of free agents Gabe Davis, Tyrel Dodson, Leonard Floyd, Dane Jackson, Tim Settle",,,,
174,May-36,,,,,,Denzel Burke
,,NFL,Cowboys,Cardinals,,,
,,,,,,,
,,,"Compensatory pick awarded by NFL for loss of free agents Dorance Armstrong, Tyler Biadasz, Dante Fowler, Tony Pollard, Tyron Smith",Traded ? 2025 fifth round pick (#152-Shemar James) to Cowboys for ? 2025 fifth round pick (#174-Denzel Burke) ? 2025 sixth round pick (#211-Hayden Conner) on 2025-04-26,,,
175,May-37,,,,,,Robbie Ouzts
,,NFL,Seahawks,,,,
,,,,,,,
,,,"Compensatory pick awarded by NFL for loss of free agents Jordyn Brooks, Evan Brown, Damien Lewis, Drew Lock, Colby Parkinson, Bobby Wagner",,,,
176,May-38,,,,,,Tyler Baron
,,NFL,Ravens,Jets,,,
,,,,,,,
,,,"Compensatory pick awarded by NFL for loss of free agents Jadeveon Clowney, Ronald Darby, Devin Duvernay, Gus Edwards, Patrick Queen, John Simpson, Geno Stone, Kevin Zeitler",Traded ? 2025 sixth round pick (#186-Tyler Loop) ? 2026 fifth round pickÿ(?-?)ÿto Ravens for ? 2025 fifth round pick (#176-Tyler Baron) ? 2026 sixth round pickÿ(?-?)ÿon 2025-04-26,,,
Round 6,,,,,,,
177,1-Jun,,,,,,Dorian Strong
,,Giants,Bills,,,,
,,,,,,,
,,,"Traded ? Carlos ""Boogie"" Basham ? 2025 seventh round pick (#246-Korie Black) to Giants for ? 2025 sixth round pick (#177-Dorian Strong) on 2023-08-29",,,,
178,2-Jun,,,,,,Bilhal Kone
,,Titans,Ravens,,,,
,,,,,,,
,,,Traded ? 2025 fourth round pick (#136-Elic Ayomanor) ? 2025 sixth round pick (#183-Marcus Harris) to Titans for ? 2025 fifth round pick (#141-Carson Vinson) ? 2025 sixth round pick (#178-Bilhal Kone) on 2025-04-26,,,,
179,3-Jun,,,,,,Ollie Gordon II
,,Browns,Texans,Dolphins,,,
,,,,,,,
,,,Traded ? 2025 sixth round pick (#216-Jeremy Crawshaw) ? 2025 seventh round pick (#241-Caleb Lohner) to Broncos for ? 2025 sixth round pick (#197-Graham Mertz) on 2025-04-26,Traded ? 2025 fourth round pick (#116-Woody Marks) ? 2025 seventh round pick (#224-Kyonte Hamilton) to Texans for ? 2024 sixth round pick (#179-Ollie Gordon II) ? 2026 third round pickÿ(?-?)ÿon 2025-04-26,,,
180,4-Jun,,,,,,J.J. Pegues
,,Raiders,,,,,
181,5-Jun,,,,,,Kyle McCord
,,Patriots,Chargers,Eagles,,,
,,,,,,,
,,,Traded ? J.C. Jackson ? 2025 seventh round pick (#238-Ricky White III) to Patriots for ? 2025 sixth round pick (#181-Kyle McCord) on 2023-10-05,Traded ? 2025 fifth round pick (#165-Oronde Gadsden II) to Chargers for ? 2025 sixth round pick (#181-Kyle McCord) ? 2025 sixth round pick (#209-Antwaun Powell-Ryland) on 2025-04-26,,,
182,6-Jun,,,,,,Andres Borregales
,,Jaguars,Lions,Patriots,,,
,,,,,,,
,,,Traded ? 2025 third round pick (#102-Tai Felton) ? 2026 third round pickÿ(?-?)ÿ? 2026 third round pickÿ(?-?)ÿto Jaguars for ? 2025 third round pick (#70-Isaac TeSlaa) ? 2025 sixth round pick (#182-Andres Borregales) ? 2026 sixth round pickÿ(?-?)ÿon 2025-04-25,Traded ? 2025 fifth round pick (#171-Miles Frazier) to Lions for ? 2025 sixth round pick (#182-Andres Borregales) ? 2025 seventh round pick (#228-Brashard Smith) on 2025-04-26,,,
183,7-Jun,,,,,,Marcus Harris
,,Panthers,Ravens,Titans,,,
,,,,,,,
,,,Traded ? 2025 fifth round pick (#163-Mitchell Evans) to Panthers for ? Diontae Johnson ? 2025 sixth round pick (#183-Marcus Harris) on 2024-10-30,Traded ? 2025 fifth round pick (#141-Carson Vinson) ? 2025 sixth round pick (#178-Bilhal Kone) to Ravens for ? 2025 fourth round pick (#136-Elic Ayomanor) ? 2025 sixth round pick (#183-Marcus Harris) on 2025-04-26,,,
184,8-Jun,,,,,,Devin Neal
,,Saints,Commanders,Saints,,,
,,,,,,,
,,,Traded ? John Ridgeway ? 2025 conditional seventh round pick (Eagles pick) (#248-Moliki Matavao) to Saints for ? 2025 sixth round pick (#184-Devin Neal) on 2024-08-29,Traded ? Marshon Lattimore ? 2025 fifth round pick (#147-Jordan James) to Commanders for ? 2025 third round pick (#93-Jonas Sanker) ? 2025 fourth round pick (#131-Quincy Riley) ? 2025 sixth round pick (Saints pick) (#184-Devin Neal) on 2024-11-05,,,
185,9-Jun,,,,,,Will Howard
,,Bears,Seahawks,Steelers,,,
,,,,,,,
,,,Traded ? Darrell Taylor to Bears for ? 2025 sixth round pick (#185-Will Howard) on 2024-08-23,Traded ? 2025 second round pick (#52-Oluwafemi Oladejo) ? 2025 seventh round pick (Saints pick) (#223-Damien Martinez) to Seahawks for ? D.K. Metcalf ? 2025 sixth round pick (Bears pick) (#185-Will Howard) on 2025-03-13,,,
186,10-Jun,,,,,,Tyler Loop
,,Jets,Ravens,,,,
,,,,,,,
,,,Traded ? 2025 fifth round pick (#176-Tyler Baron) ? 2026 sixth round pickÿ(?-?)ÿto Jets for ? 2025 sixth round pick (#186-Tyler Loop) ? 2026 fifth round pickÿ(?-?)ÿon 2025-04-26,,,,
187,11-Jun,,,,,,Jaylen Reed
,,49ers,Vikings,Texans,,,
,,,,,,,
,,,Traded ? 2025 fifth round pick (#160-Marques Sigle) ? 2026 sixth round pickÿ(?-?)ÿto 49ers for ? Jordan Mason ? 2025 sixth round pick (#187-Jaylen Reed) on 2025-03-18,Traded ? 2025 third round pick (#102-Tai Felton) ? 2025 fifth round pick (#142-Rylie Mills) to Vikings for ? 2025 third round pick (#97-Jaylin Smith) ? 2025 sixth round pick (#187-Jaylen Reed) on 2025-04-25,,,
188,12-Jun,,,,,,Kalel Mullings
,,Cowboys,Titans,,,,
,,,,,,,
,,,Traded ? Kenneth Murray Jr. ? 2025 seventh round pick (Packers pick) (#239-Phil Mafah) to Cowboys for ? 2025 sixth round pick (#188-Kalel Mullings) on 2025-03-13,,,,
189,13-Jun,,,,,,Riley Leonard
,,Colts,,,,,
190,14-Jun,,,,,,Tim Smith
,,Falcons,Rams,Colts,,,
,,,,,,,
,,,Traded ? Van Jefferson ? 2025 seventh round pick (#242-Konata Mumpfield) to Falcons for ? 2025 sixth round pick (#190-Tim Smith) on 2023-10-10,Traded ? 2025 fourth round pick (#117-Jarquez Hunter) to Rams for ? 2025 fourth round pick (#127-Jalen Travis) ? 2025 sixth round pick (#190-Tim Smith) on 2025-04-26,,,
191,15-Jun,,,,,,Myles Hinton
,,Cardinals,Broncos,Eagles,,,
,,,,,,,
,,,Traded ? Baron Browning to Cardinals for ? 2025 sixth round pick (#191-Myles Hinton) on 2024-11-04,Traded ? 2025 third round pick (Rams pick) (#101-Sai'vion Jones) ? 2025 fourth round pick (#134-Que Robinson) to Broncos for ? 2025 fourth round pick (#111-Ty Robinson) ? 2025 fourth round pick (#130-Malachi Moore) ? 2025 sixth round pick (#191-Myles Hinton) on 2025-04-25,,,
192,16-Jun,,,,,,Bryce Cabeldue
,,Dolphins,Bears,Browns,Seahawks,,
,,,,,,,
,,,Traded ? Chase Claypool ? 2025 seventh round pick (#224-Kyonte Hamilton) to Dolphins for ? 2025 sixth round pick (#192-Bryce Cabeldue) on 2023-10-06,Traded ? Chris Williams ? 2025 seventh round pick (Vikings pick) (#240-Kaden Prather) to Bears for ? 2025 sixth round pick (Dolphins pick) (#192-Bryce Cabeldue) on 2024-08-24,Traded ? 2025 fifth round pick (#144-Shedeur Sanders) to Browns for ? 2025 fifth round pick (#166-Tory Horton) ? 2025 sixth round pick (#192-Bryce Cabeldue) on 2025-04-26,,
193,17-Jun,,,,,,Tahj Brooks
,,Bengals,,,,,
194,18-Jun,,,,,,Jalen McLeod
,,Seahawks,Jaguars,,,,
,,,,,,,
,,,Traded ? Trevis Gipson to Seahawks for ? 2025 sixth round pick (#194-Jalen McLeod) on 2024-08-26,,,,
195,19-Jun,,,,,,Luke Newman
,,Steelers,Rams,Bears,,,
,,,,,,,
,,,Traded ? 2024 fourth round pick (#120-Jaylen Wright) ? 2025 fifth round pick (#162-Francisco Mauigoa) to Steelers for ? Kevin Dotson ? 2024 fifth round pick (#155-Jeremiah Trotter Jr.) ? 2025 sixth round pick (#195-Luke Newman) on 2023-08-28,Traded ? 2025 fifth round pick (#148-Ty Hamilton) to Rams for ? 2025 sixth round pick (#195-Luke Newman) ? 2026 fourth round pickÿ(?-?)ÿon 2025-04-26,,,
196,20-Jun,,,,,,Ahmed Hassanein
,,Buccaneers,Lions,,,,
,,,,,,,
,,,Traded ? 2024 third round pick (#92-Jalen McMillan) to Buccaneers for ? Carlton Davis ? 2024 sixth round pick (#201-Micah Abraham) ? 2025 sixth round pick (#196-Ahmed Hassanein) on 2024-03-13,,,,
197,21-Jun,,,,,,Graham Mertz
,,Broncos,Texans,,,,
,,,,,,,
,,,Traded ? 2025 sixth round pick (#216-Jeremy Crawshaw) ? 2025 seventh round pick (#241-Caleb Lohner) to Broncos for ? 2025 sixth round pick (#197-Graham Mertz) on 2025-04-26,,,,
198,22-Jun,,,,,,Warren Brinson
,,Packers,,,,,
199,23-Jun,,,,,,Branson Taylor
,,Chargers,,,,,
200,24-Jun,,,,,,Rayuan Lane III
,,Vikings,Browns,Jaguars,,,
,,,,,,,
,,,Traded ? 2024 fifth round pick (#157-Chau Smith-Wade) ? 2025 fifth round pick (#139-Tyrion Ingram-Dawkins) to Vikings for ? Za'Darius Smith ? 2025 sixth round pick (#200-Rayuan Lane III) ? 2025 seventh round pick (#240-Kaden Prather) on 2023-05-16,Traded ? 2025 first round pick (#5-Mason Graham) ? 2025 second round pick (#36-Quinshon Judkins) ? 2025 fourth round pick (#126-Dylan Sampson) ? 2026 first round pickÿ(?-?)ÿto Browns for ? 2025 first round pick (#2-Travis Hunter) ? 2025 fourth round pick (#104-Bhayshul Tuten) ? 2025 sixth round pick (#200-Rayuan Lane III) on 2025-04-24,,,
201,25-Jun,,,,,,Kobe King
,,Rams,Vikings,,,,
,,,,,,,
,,,Traded ? 2025 fifth round pick (#172-Chris Paul Jr.) to Rams for ? 2025 sixth round pick (#201-Kobe King) ? 2025 sixth round pick (#202-Gavin Bartholomew) on 2025-04-26,,,,
202,26-Jun,,,,,,Gavin Bartholomew
,,Texans,Steelers,Bears,Rams,Vikings,
,,,,,,,
,,,Traded ? Kendrick Green to Texans for ? 2025 sixth round pick (#202-Gavin Bartholomew) on 2023-08-29,"Traded ? Justin Fields to Steelers for ? 2025 conditional round pick (fourth round if Fields plays 51% of snaps in 2024, else sixth round) (#202-Gavin Bartholomew) on 2024-03-17",Traded ? Jonah Jackson to Bears for ? 2025 sixth round pick (Texans pick) (#202-Gavin Bartholomew) on 2025-03-12,Traded ? 2025 fifth round pick (#172-Chris Paul Jr.) to Rams for ? 2025 sixth round pick (#201-Kobe King) ? 2025 sixth round pick (#202-Gavin Bartholomew) on 2025-04-26,
203,27-Jun,,,,,,LaJohntay Wester
,,Ravens,,,,,
204,28-Jun,,,,,,Ajani Cornelius
,,Lions,Browns,Bills,Cowboys,,
,,,,,,,
,,,Traded ? Donovan Peoples-Jones to Lions for ? 2025 sixth round pick (#204-Ajani Cornelius) on 2023-10-31,Traded ? 2025 third round pick (#94-Dillon Gabriel) ? 2026 seventh round pickÿ(?-?)ÿto Browns for ? Amari Cooper ? 2025 sixth round pick (Lions pick) (#204-Ajani Cornelius) on 2024-10-15,Traded ? 2025 fifth round pick (#170-Jordan Hancock) ? 2026 seventh round pickÿ(?-?)ÿto Bills for ? Kaiir Elam ? 2025 sixth round pick (Lions pick) (#204-Ajani Cornelius) on 2025-03-12,,
205,29-Jun,,,,,,Kain Medrano
,,Commanders,,,,,
206,30-Jun,,,,,,Chase Lundt
,,Bills,,,,,
207,Jun-31,,,,,,Cameron Williams
,,Chiefs,Jets,Eagles,,,
,,,,,,,
,,,Traded ? Mecole Hardman ? 2025 seventh round pick (#225-Kitan Crawford) to Chiefs for ? 2025 sixth round pick (#207-Cameron Williams) on 2023-10-19,Traded ? 2025 fourth round pick (#130-Malachi Moore) to Jets for ? 2025 fifth round pick (#145-Mac McWilliams) ? 2025 sixth round pick (#207-Cameron Williams) on 2025-04-26,,,
208,Jun-32,,,,,,Jimmy Horn Jr.
,,Eagles,Broncos,Panthers,,,
,,,,,,,
,,,Traded ? Albert Okwuegbunam ? 2025 seventh round pick (#236-LeQuint Allen) to Eagles for ? 2025 sixth round pick (#208-Jimmy Horn Jr.) on 2023-08-29,Traded ? 2025 second round pick (#57-Tate Ratledge) ? 2025 third round pick (#74-Pat Bryant) ? 2025 fourth round pick (#111-Ty Robinson) ? 2025 seventh round pick (#230-Dan Jackson) to Broncos for ? 2025 second round pick (#51-Nic Scourton) ? 2025 third round pick (#85-Nohl Williams) ? 2025 fourth round pick (#122-Lathan Ransom) ? 2025 sixth round pick (#208-Jimmy Horn Jr.) on 2025-04-25,,,
209,Jun-33,,,,,,Antwaun Powell-Ryland
,,NFL,Chargers,Eagles,,,
,,,,,,,
,,,"Compensatory pick awarded by NFL for loss of free agents Michael Davis, Austin Ekeler, Gerald Everett, Austin Johnson, Kenneth Murray",Traded ? 2025 fifth round pick (#165-Oronde Gadsden II) to Chargers for ? 2025 sixth round pick (#181-Kyle McCord) ? 2025 sixth round pick (#209-Antwaun Powell-Ryland) on 2025-04-26,,,
210,Jun-34,,,,,,Aeneas Peebles
,,NFL,Ravens,,,,
,,,,,,,
,,,"Compensatory pick awarded by NFL for loss of free agents Jadeveon Clowney, Ronald Darby, Devin Duvernay, Gus Edwards, Patrick Queen, John Simpson, Geno Stone, Kevin Zeitler",,,,
211,Jun-35,,,,,,Hayden Conner
,,NFL,Cowboys,Cardinals,,,
,,,,,,,
,,,"Compensatory pick awarded by NFL for loss of free agents Dorance Armstrong, Tyler Biadasz, Dante Fowler, Tony Pollard, Tyron Smith",Traded ? 2025 fifth round pick (#152-Shemar James) to Cowboys for ? 2025 fifth round pick (#174-Denzel Burke) ? 2025 sixth round pick (#211-Hayden Conner) on 2025-04-26,,,
212,Jun-36,,,,,,Robert Longerbeam
,,NFL,Ravens,,,,
,,,,,,,
,,,"Compensatory pick awarded by NFL for loss of free agents Jadeveon Clowney, Ronald Darby, Devin Duvernay, Gus Edwards, Patrick Queen, John Simpson, Geno Stone, Kevin Zeitler",,,,
213,Jun-37,,,,,,Tommy Mellott
,,NFL,Raiders,,,,
,,,,,,,
,,,"Compensatory pick awarded by NFL for loss of free agents Jermaine Eluemunor, Austin Hooper, Josh Jacobs, Bilal Nichols, Amik Robertson",,,,
214,Jun-38,,,,,,R.J. Mickens
,,NFL,Chargers,,,,
,,,,,,,
,,,"Compensatory pick awarded by NFL for loss of free agents Michael Davis, Austin Ekeler, Gerald Everett, Austin Johnson, Kenneth Murray",,,,
215,Jun-39,,,,,,Cam Miller
,,NFL,Raiders,,,,
,,,,,,,
,,,"Compensatory pick awarded by NFL for loss of free agents Jermaine Eluemunor, Austin Hooper, Josh Jacobs, Bilal Nichols, Amik Robertson",,,,
216,Jun-40,,,,,,Jeremy Crawshaw
,,NFL,Browns,Texans,Broncos,,
,,,,,,,
,,,"Compensatory pick awarded by NFL for loss of free agents Harrison Bryant, Jordan Elliott, Joe Flacco, Sione Takitaki",Traded ? 2025 fifth round pick (#166-Tory Horton) ? 2027 fifth round pickÿ(?-?)ÿto Browns for ? 2025 sixth round pick (#179-Ollie Gordon II) ? 2025 sixth round pick (#216-Jeremy Crawshaw) ? 2025 seventh round pick (#255-Luke Lachey) on 2025-04-24,Traded ? 2025 sixth round pick (#197-Graham Mertz) to Texans for ? 2025 sixth round pick (#216-Jeremy Crawshaw) ? 2025 seventh round pick (#241-Caleb Lohner) on 2025-04-26,,
Round 7,,,,,,,
217,1-Jul,,,,,,Jay Toia
,,Titans,Patriots,Cowboys,,,
,,,,,,,
,,,Traded ? Nick Folk to Titans for ? 2025 seventh round pick (#217-Jay Toia) on 2023-08-29,Traded ? 2025 fifth round pick (#171-Miles Frazier) to Patriots for ? Joe Milton III ? 2025 seventh round pick (Titans pick) (#217-Jay Toia) on 2025-04-03,,,
218,2-Jul,,,,,,Jack Nelson
,,Browns,Chargers,Falcons,,,
,,,,,,,
,,,Traded ? Dustin Hopkins to Browns for ? 2025 seventh round pick (#218-Jack Nelson) on 2023-08-28,"Traded ? Taylor Heinicke to Chargers for ? 2025 conditional round pick (sixth round if Heinicke gets an unspecified amount of playing time, else seventh round) (#218-Jack Nelson) on 2024-08-29",,,
219,3-Jul,,,,,,Thomas Fidone II
,,Giants,,,,,
220,4-Jul,,,,,,Marcus Bryant
,,Patriots,,,,,
221,5-Jul,,,,,,Jonah Monheim
,,Jaguars,,,,,
222,6-Jul,,,,,,Cody Lindenberg
,,Raiders,,,,,
223,7-Jul,,,,,,Damien Martinez
,,Saints,Eagles,Steelers,Seahawks,,
,,,,,,,
,,,"Traded ? 2023 fifth round pick (#165-Terell Smith) ? 2024 sixth round pick (less favorable of Eagles, Titans picks) (#199-Khristian Boyd) to Saints for ? Chauncey Gardner-Johnson / C.J. Gardner-Johnson ? 2025 seventh round pick (#223-Damien Martinez) on 2022-08-30","Traded ? Kenny Pickett ? 2024 fourth round pick (#120-Jaylen Wright) to Eagles for ? 2024 third round pick (#98-Payton Wilson) ? 2025 seventh round pick (most favorable of Broncos, Eagles, Falcons, Saints picks) (#223-Damien Martinez) ? 2025 seventh round pick (most favorable of Broncos, Eagles, Falcons, Saints picks) (#229-Donte Kent) on 2024-03-16",Traded ? D.K. Metcalf ? 2025 sixth round pick (Bears pick) (#185-Will Howard) to Steelers for ? 2025 second round pick (#52-Oluwafemi Oladejo) ? 2025 seventh round pick (Saints pick) (#223-Damien Martinez) on 2025-03-13,,
224,8-Jul,,,,,,Kyonte Hamilton
,,Bears,Dolphins,Texans,,,
,,,,,,,
,,,Traded ? 2025 sixth round pick (#192-Bryce Cabeldue) to Bears for ? Chase Claypool ? 2025 seventh round pick (#224-Kyonte Hamilton) on 2023-10-06,Traded ? 2024 sixth round pick (#179-Ollie Gordon II) ? 2026 third round pickÿ(?-?)ÿto Dolphins for ? 2025 fourth round pick (#116-Woody Marks) ? 2025 seventh round pick (#224-Kyonte Hamilton) on 2025-04-26,,,
225,9-Jul,,,,,,Kitan Crawford
,,Jets,Chiefs,Cardinals,,,
,,,,,,,
,,,Traded ? 2025 sixth round pick (#207-Cameron Williams) to Jets for ? Mecole Hardman ? 2025 seventh round pick (#225-Kitan Crawford) on 2023-10-19,Traded ? Cam Thomas to Chiefs for ? 2025 seventh round pick (Jets pick) (#225-Kitan Crawford) on 2024-08-27,,,
226,10-Jul,,,,,,Carson Bruener
,,Panthers,Chiefs,Steelers,,,
,,,,,,,
,,,Traded ? Ihmir Smith-Marsette ? 2025 conditional seventh round pick (#247-Tommy Akingbesote ) to Panthers for ? 2025 conditional seventh round pick (#226-Carson Bruener) on 2023-08-29,Traded ? 2025 fifth round pick (#156-Jeffrey Bassa) to Chiefs for ? 2025 fifth round pick (#164-Yahya Black) ? 2025 seventh round pick (#226-Carson Bruener) on 2025-04-26,,,
227,11-Jul,,,,,,Kurtis Rourke
,,49ers,,,,,
228,12-Jul,,,,,,Brashard Smith
,,Cowboys,Lions,Patriots,Chiefs,,
,,,,,,,
,,,Traded ? 2024 first round pick (#29-Tyler Guyton) ? 2024 third round pick (#73-Cooper Beebe) to Cowboys for ? 2024 first round pick (#24-Terrion Arnold) ? 2025 seventh round pick (#228-Brashard Smith) on 2024-04-25,Traded ? 2025 fifth round pick (#171-Miles Frazier) to Lions for ? 2025 sixth round pick (#182-Andres Borregales) ? 2025 seventh round pick (#228-Brashard Smith) on 2025-04-26,Traded ? 2025 seventh round pick (#251-Julian Ashby) ? 2025 seventh round pick (#257-Kobee Minor) to Patriots for ? 2025 seventh round pick (#228-Brashard Smith) on 2025-04-26,,
229,13-Jul,,,,,,Donte Kent
,,Falcons,Eagles,Steelers,,,
,,,,,,,
,,,"Traded ? Kentavius Street ? 2025 conditional seventh round pick (if Street plays in at least 6 games for Falcons) (not exercised) to Falcons for ? conditional draft pick (2024 sixth round if Street plays in at least 6 games for Falcons, else 2025 seventh round) (#229-Donte Kent) on 2023-10-31","Traded ? Kenny Pickett ? 2024 fourth round pick (#120-Jaylen Wright) to Eagles for ? 2024 third round pick (#98-Payton Wilson) ? 2025 seventh round pick (most favorable of Broncos, Eagles, Falcons, Saints picks) (#223-Damien Martinez) ? 2025 seventh round pick (most favorable of Broncos, Eagles, Falcons, Saints picks) (#229-Donte Kent) on 2024-03-16",,,
230,14-Jul,,,,,,Dan Jackson
,,Cardinals,Panthers,Broncos,Lions,,
,,,,,,,
,,,Traded ? Robbie Anderson to Cardinals for ? 2024 sixth round pick (#178-Logan Lee) ? 2025 seventh round pick (#230-Dan Jackson) on 2022-10-17,Traded ? 2025 second round pick (#51-Nic Scourton) ? 2025 third round pick (#85-Nohl Williams) ? 2025 fourth round pick (#122-Lathan Ransom) ? 2025 sixth round pick (#208-Jimmy Horn Jr.) to Panthers for ? 2025 second round pick (#57-Tate Ratledge) ? 2025 third round pick (#74-Pat Bryant) ? 2025 fourth round pick (#111-Ty Robinson) ? 2025 seventh round pick (#230-Dan Jackson) on 2025-04-25,Traded ? 2025 second round pick (#60-R.J. Harvey) ? 2025 fourth round pick (#130-Malachi Moore) to Broncos for ? 2025 second round pick (Rams pick) (#57-Tate Ratledge) ? 2025 seventh round pick (#230-Dan Jackson) on 2025-04-25,,
231,15-Jul,,,,,,Quinn Ewers
,,Dolphins,,,,,
232,16-Jul,,,,,,Hunter Wohler
,,Colts,,,,,
233,17-Jul,,,,,,Kyle Monangai
,,Bengals,Bears,,,,
,,,,,,,
,,,Traded ? Khalil Herbert to Bengals for ? 2025 seventh round pick (#233-Kyle Monangai) on 2024-11-05,,,,
234,18-Jul,,,,,,Mason Richman
,,Seahawks,,,,,
235,19-Jul,,,,,,Tez Johnson
,,Buccaneers,,,,,
236,20-Jul,,,,,,LeQuint Allen
,,Broncos,Eagles,Commanders,Texans,Jaguars,
,,,,,,,
,,,Traded ? 2025 sixth round pick (#208-Jimmy Horn Jr.) to Broncos for ? Albert Okwuegbunam ? 2025 seventh round pick (#236-LeQuint Allen) on 2023-08-29,"Traded ? Jahan Dotson ? 2025 fifth round pick (#165-Oronde Gadsden II) to Eagles for ? 2025 third round pick (more favorable of Dolphins, Eagles picks) (#79-Jaylin Noel) ? 2025 seventh round pick (two least favorable of Broncos, Eagles, Falcons Saints picks) (#236-LeQuint Allen) ? 2025 seventh round pick (two least favorable of Broncos, Eagles, Falcons Saints picks) (#248-Moliki Matavao) on 2024-08-22",Traded ? Laremy Tunsil ? 2025 fourth round pick (#128-Jaylin Lane) to Commanders for ? 2025 third round pick (Dolphins pick) (#79-Jaylin Noel) ? 2025 seventh round pick (Broncos pick) (#236-LeQuint Allen) ? 2026 second round pickÿ(?-?)ÿ? 2026 fourth round pickÿ(?-?)ÿon 2025-03-15,Traded ? 2025 third round pick (#102-Tai Felton) ? 2025 fifth round pick (#142-Rylie Mills) to Texans for ? 2025 third round pick (#89-Wyatt Milum) ? 2025 seventh round pick (#236-LeQuint Allen) on 2025-04-25,
237,21-Jul,,,,,,Micah Robinson
,,Steelers,Packers,,,,
,,,,,,,
,,,Traded ? Preston Smith to Steelers for ? 2025 seventh round pick (#237-Micah Robinson) on 2024-11-05,,,,
238,22-Jul,,,,,,Ricky White III
,,Chargers,Patriots,Seahawks,,,
,,,,,,,
,,,Traded ? 2025 sixth round pick (#181-Kyle McCord) to Chargers for ? J.C. Jackson ? 2025 seventh round pick (#238-Ricky White III) on 2023-10-05,Traded ? 2025 fourth round pick (#137-Joshua Farmer) to Patriots for ? 2025 fifth round pick (#144-Shedeur Sanders) ? 2025 seventh round pick (#238-Ricky White III) on 2025-04-26,,,
239,23-Jul,,,,,,Phil Mafah
,,Packers,Titans,Cowboys,,,
,,,,,,,
,,,Traded ? Malik Willis to Packers for ? 2025 seventh round pick (#239-Phil Mafah) on 2024-08-27,Traded ? 2025 sixth round pick (#188-Kalel Mullings) to Titans for ? Kenneth Murray Jr. ? 2025 seventh round pick (Packers pick) (#239-Phil Mafah) on 2025-03-13,,,
240,24-Jul,,,,,,Kaden Prather
,,Vikings,Browns,Bears,Bills,,
,,,,,,,
,,,Traded ? 2024 fifth round pick (#157-Chau Smith-Wade) ? 2025 fifth round pick (#139-Tyrion Ingram-Dawkins) to Vikings for ? Za'Darius Smith ? 2025 sixth round pick (#200-Rayuan Lane III) ? 2025 seventh round pick (#240-Kaden Prather) on 2023-05-16,Traded ? 2025 sixth round pick (Dolphins pick) (#192-Bryce Cabeldue) to Browns for ? Chris Williams ? 2025 seventh round pick (Vikings pick) (#240-Kaden Prather) on 2024-08-24,Traded ? 2025 second round pick (Vikings pick) (#56-Ozzy Trapilo) ? 2025 second round pick (#62-Shemar Turner) ? 2025 fourth round pick (#109-Deone Walker) to Bears for ? 2025 second round pick (#41-T.J. Sanders) ? 2025 third round pick (#72-Landon Jackson) ? 2025 seventh round pick (#240-Kaden Prather) on 2025-04-25,,
241,25-Jul,,,,,,Caleb Lohner
,,Texans,Broncos,,,,
,,,,,,,
,,,Traded ? 2025 sixth round pick (#197-Graham Mertz) to Texans for ? 2025 sixth round pick (#216-Jeremy Crawshaw) ? 2025 seventh round pick (#241-Caleb Lohner) on 2025-04-26,,,,
242,26-Jul,,,,,,Konata Mumpfield
,,Rams,Falcons,Rams,,,
,,,,,,,
,,,Traded ? 2025 sixth round pick (#190-Tim Smith) to Rams for ? Van Jefferson ? 2025 seventh round pick (#242-Konata Mumpfield) on 2023-10-10,Traded ? 2025 first round pick (#26-James Pearce Jr.) ? 2025 third round pick (#101-Sai'vion Jones) to Falcons for ? 2025 second round pick (#46-Terrance Ferguson) ? 2025 seventh round pick (#242-Konata Mumpfield) ? 2026 first round pickÿ(?-?)ÿon 2025-04-24,,,
243,27-Jul,,,,,,Garrett Dellinger
,,Ravens,,,,,
244,28-Jul,,,,,,Dominic Lovett
,,Lions,,,,,
245,29-Jul,,,,,,Jacory Croskey-Merritt
,,Commanders,,,,,
246,30-Jul,,,,,,Korie Black
,,Bills,Giants,,,,
,,,,,,,
,,,"Traded ? 2025 sixth round pick (#177-Dorian Strong) to Bills for ? Carlos ""Boogie"" Basham ? 2025 seventh round pick (#246-Korie Black) on 2023-08-29",,,,
247,31-Jul,,,,,,Tommy Akingbesote
,,Chiefs,Panthers,Cowboys,,,
,,,,,,,
,,,Traded ? 2025 conditional seventh round pick (#226-Carson Bruener) to Chiefs for ? Ihmir Smith-Marsette ? 2025 conditional seventh round pick (#247-Tommy Akingbesote ) on 2023-08-29,Traded ? 2025 fourth round pick (#114-Trevor Etienne) to Panthers for ? Jonathan Mingo ? 2025 seventh round pick (Chiefs pick) (#247-Tommy Akingbesote ) on 2024-11-05,,,
248,Jul-32,,,,,,Moliki Matavao
,,Eagles,Commanders,Saints,,,
,,,,,,,
,,,"Traded ? Jahan Dotson ? 2025 fifth round pick (#165-Oronde Gadsden II) to Eagles for ? 2025 third round pick (more favorable of Dolphins, Eagles picks) (#79-Jaylin Noel) ? 2025 seventh round pick (two least favorable of Broncos, Eagles, Falcons Saints picks) (#236-LeQuint Allen) ? 2025 seventh round pick (two least favorable of Broncos, Eagles, Falcons Saints picks) (#248-Moliki Matavao) on 2024-08-22",Traded ? 2025 sixth round pick (#184-Devin Neal) to Commanders for ? John Ridgeway ? 2025 conditional seventh round pick (Eagles pick) (#248-Moliki Matavao) on 2024-08-29,,,
249,Jul-33,,,,,,Connor Colby
,,NFL,Browns,49ers,,,
,,,,,,,
,,,"Compensatory pick awarded by NFL for loss of free agents Harrison Bryant, Jordan Elliott, Joe Flacco, Sione Takitaki",,,,
250,Jul-34,,,,,,John Williams
,,NFL,Packers,,,,
,,,,,,,
,,,"Compensatory pick awarded by NFL for loss of free agents Yosuah Nijman, Jon Runyan, Darnell Savage",,,,
251,Jul-35,,,,,,Julian Ashby
,,NFL,Chiefs,Patriots,,,
,,,,,,,
,,,"Compensatory pick awarded by NFL for loss of free agents Nick Allegretti, Willie Gay, Tommy Townsend",Traded ? 2025 seventh round pick (#228-Brashard Smith) to Chiefs for ? 2025 seventh round pick (#251-Julian Ashby) ? 2025 seventh round pick (#257-Kobee Minor) on 2025-04-26,,,
252,Jul-36,,,,,,Junior Bergen
,,NFL,49ers,,,,
,,,,,,,
,,,"Compensatory pick awarded by NFL for loss of free agents Sam Darnold, Clelin Ferrell, Sebastian Joseph-Day, Javon Kinlaw, Ray-Ray McCloud, Charlie Woerner, Chase Young",,,,
253,Jul-37,,,,,,Zeek Biggers
,,NFL,Dolphins,,,,
,,,,,,,
,,,"Compensatory pick awarded by NFL for loss of free agents Raekwon Davis, DeShon Elliott, Robert Hunt, Brandon Jones, Andrew Van Ginkel, Christian Wilkins",,,,
254,Jul-38,,,,,,Fadil Diggs
,,NFL,Saints,,,,
,,,,,,,
,,,Compensatory pick awarded by NFL for loss of free agents,,,,
255,Jul-39,,,,,,Luke Lachey
,,NFL,Browns,Texans,,,
,,,,,,,
,,,"Compensatory pick awarded by NFL for loss of free agents Harrison Bryant, Jordan Elliott, Joe Flacco, Sione Takitaki",Traded ? 2025 fifth round pick (#166-Tory Horton) ? 2027 fifth round pickÿ(?-?)ÿto Browns for ? 2025 sixth round pick (#179-Ollie Gordon II) ? 2025 sixth round pick (#216-Jeremy Crawshaw) ? 2025 seventh round pick (#255-Luke Lachey) on 2025-04-24,,,
256,Jul-40,,,,,,Trikweze Bridges
,,NFL,Chargers,,,,
,,,,,,,
,,,"Compensatory pick awarded by NFL for loss of free agents Michael Davis, Austin Ekeler, Gerald Everett, Austin Johnson, Kenneth Murray",,,,
257,Jul-41,,,,,,Kobee Minor
,,NFL,Chiefs,Patriots,,,
,,,,,,,
,,,"Compensatory pick awarded by NFL for loss of free agents Nick Allegretti, Willie Gay, Tommy Townsend",Traded ? 2025 seventh round pick (#228-Brashard Smith) to Chiefs for ? 2025 seventh round pick (#251-Julian Ashby) ? 2025 seventh round pick (#257-Kobee Minor) on 2025-04-26,,,
